{
	"class_name" : "PinholeCameraParameters",
	"extrinsic" : 
	[
		0.9593728023414243,
		0.010675379099299956,
		-0.28193946585862861,
		0.0,
		0.28087655309382104,
		-0.13065604640358136,
		0.95080879227125326,
		0.0,
		-0.026686851625782756,
		-0.991370280883622,
		-0.1283463210654362,
		0.0,
		-1.1241518630605094,
		2.3546211519575944,
		-0.53495289455055473,
		1.0
	],
	"intrinsic" : 
	{
		"height" : 900,
		"intrinsic_matrix" : 
		[
			779.4228634059948,
			0.0,
			0.0,
			0.0,
			779.4228634059948,
			0.0,
			799.5,
			449.5,
			1.0
		],
		"width" : 1600
	},
	"version_major" : 1,
	"version_minor" : 0
}