{
	"class_name" : "PinholeCameraParameters",
	"extrinsic" : 
	[
		-0.906440549827492,
		-0.073394655626804223,
		0.41590714607212154,
		0.0,
		-0.42205114481159284,
		0.19341930861770096,
		-0.88569848267741469,
		0.0,
		-0.015438937517139026,
		-0.97836710675455218,
		-0.20629940288102755,
		0.0,
		1.5975815898743539,
		2.5980723058133166,
		-1.1989476358475051,
		1.0
	],
	"intrinsic" : 
	{
		"height" : 900,
		"intrinsic_matrix" : 
		[
			779.4228634059948,
			0.0,
			0.0,
			0.0,
			779.4228634059948,
			0.0,
			799.5,
			449.5,
			1.0
		],
		"width" : 1600
	},
	"version_major" : 1,
	"version_minor" : 0
}