{
	"class_name" : "PinholeCameraParameters",
	"extrinsic" : 
	[
		-0.039267958267723189,
		-0.11959697854846639,
		0.99204565931995392,
		0.0,
		-0.99919835009557645,
		-0.0030401923238705933,
		-0.039917595079260688,
		0.0,
		0.0077900333607943727,
		-0.99281786846969655,
		-0.11938172149674404,
		0.0,
		0.46054723460707797,
		2.4768671544881982,
		-3.2378247848675192,
		1.0
	],
	"intrinsic" : 
	{
		"height" : 900,
		"intrinsic_matrix" : 
		[
			779.4228634059948,
			0.0,
			0.0,
			0.0,
			779.4228634059948,
			0.0,
			799.5,
			449.5,
			1.0
		],
		"width" : 1600
	},
	"version_major" : 1,
	"version_minor" : 0
}