{
	"class_name" : "PinholeCameraParameters",
	"extrinsic" : 
	[
		-0.94340853579083195,
		-0.019760824087721469,
		-0.33104356877663821,
		0.0,
		0.33163275469395553,
		-0.05553719276543756,
		-0.94177244397669313,
		0.0,
		0.00022496910318041058,
		-0.99826105305731971,
		0.058947598236008369,
		0.0,
		1.2246082415396513,
		1.9064610928689829,
		0.1325014017015996,
		1.0
	],
	"intrinsic" : 
	{
		"height" : 900,
		"intrinsic_matrix" : 
		[
			779.4228634059948,
			0.0,
			0.0,
			0.0,
			779.4228634059948,
			0.0,
			799.5,
			449.5,
			1.0
		],
		"width" : 1600
	},
	"version_major" : 1,
	"version_minor" : 0
}