{
	"class_name" : "PinholeCameraParameters",
	"extrinsic" : 
	[
		0.02825865689892448,
		-0.51945337897779897,
		0.85403140186928506,
		0.0,
		-0.99934713293422095,
		0.0045594808089560509,
		0.035840187372634245,
		0.0,
		-0.022511246220981138,
		-0.85448662845201973,
		-0.5189854001706391,
		0.0,
		0.64750626706478276,
		3.2296871811155565,
		13.409273876784695,
		1.0
	],
	"intrinsic" : 
	{
		"height" : 900,
		"intrinsic_matrix" : 
		[
			779.4228634059948,
			0.0,
			0.0,
			0.0,
			779.4228634059948,
			0.0,
			799.5,
			449.5,
			1.0
		],
		"width" : 1600
	},
	"version_major" : 1,
	"version_minor" : 0
}