{
	"class_name" : "PinholeCameraParameters",
	"extrinsic" : 
	[
		0.011269177965624681,
		-0.0014047854116763028,
		-0.99993551402374259,
		0.0,
		0.99968504466053354,
		-0.022409157830737131,
		0.011297837287928688,
		0.0,
		-0.022423583791322886,
		-0.99974789633350292,
		0.0011518101793557419,
		0.0,
		0.093962867653859777,
		2.4699024465784545,
		0.50414383392206863,
		1.0
	],
	"intrinsic" : 
	{
		"height" : 900,
		"intrinsic_matrix" : 
		[
			779.4228634059948,
			0.0,
			0.0,
			0.0,
			779.4228634059948,
			0.0,
			799.5,
			449.5,
			1.0
		],
		"width" : 1600
	},
	"version_major" : 1,
	"version_minor" : 0
}