{
	"class_name" : "PinholeCameraParameters",
	"extrinsic" : 
	[
		0.90894365446064651,
		-0.13811285175973081,
		0.39337802835760877,
		0.0,
		-0.41429433711749292,
		-0.19350486520749732,
		0.88933462171075151,
		0.0,
		-0.046707978420203161,
		-0.97132935059114889,
		-0.23310439170482164,
		0.0,
		-2.0030223881708515,
		2.7094347834408516,
		-1.7898810883157499,
		1.0
	],
	"intrinsic" : 
	{
		"height" : 900,
		"intrinsic_matrix" : 
		[
			779.4228634059948,
			0.0,
			0.0,
			0.0,
			779.4228634059948,
			0.0,
			799.5,
			449.5,
			1.0
		],
		"width" : 1600
	},
	"version_major" : 1,
	"version_minor" : 0
}